<?xml version="1.0" encoding="UTF-8" ?>
<odoo>
        <!--Whatsapp message mail template of sale order -->
        <record id="sale_order_whatsapp_template" model="mail.template">
            <field name="name">Whatsapp Template for Sale Order</field>
            <field name="subject">Sales Order Template</field>
            <field name="model_id" ref="sale.model_sale_order" />
            <field name="is_sale_template">True</field>
            <field
            name="body_html"
        ><![CDATA[<div style="font-family: Ubuntu, Arial, Verdana, sans-serif; font-size: 14px;">
         <div>
            Hello *<t t-out="object.partner_id.name or ' '"></t>*, <br>
         </div>
         Thanks for your order! Your document number *<t t-out="object.name or ' '"></t>* with the amount of *<t t-out="format_amount(object.amount_total, object.currency_id)"></t>*. is processed.
             <div>
                Your Billing date is "<t t-out="object.date_order.strftime('%d-%m-%y')"></t>"
            </div>
                Regards *<t t-out="object.company_id.name"   or ' '/>*.
                Thank You.
]]>
            </field>
        </record>
</odoo>
